Patient ID #,Sample ID #,Tumor type,AJCC Stage,Plasma volume (mL),Plasma DNA concentration (ng/mL),Mutation identified in plasma*,Î© score,Mutant allele frequency (%), Mutant fragments/mL plasma,Mutation identified in tumor tissue
CRC 468,CRC 468 PLS 1,Colorectum,III,5,12.99,"TP53 p.E286G, c.857A>G",23.59,0.39,15.6,Present
CRC 470,CRC 470 PLS 1,Colorectum,II,7.5,2.79,"APC p.E1306*, c.3916G>T",6.68,0.36,3.1,Present
CRC 473,CRC 473 PLS 1,Colorectum,II,7.5,6.30,"KRAS p.G13D, c.38G>A",3.52,3.68,71.4,Present
CRC 476,CRC 476 PLS 1,Colorectum,II,5,8.45,"TP53 p.R249G, c.745A>G",20.69,7.25,188.8,Present
CRC 480,CRC 480 PLS 1,Colorectum,III,5,13.30,"CTNNB1 p.T41A, c.121A>G",92.12,0.76,31.0,Present
CRC 481,CRC 481 PLS 1,Colorectum,II,5,13.85,"PIK3CA p.H1047R, c.3140A>G",3.10,0.19,8.0,Present
CRC 489,CRC 489 PLS 1,Colorectum,II,7.5,5.77,"KRAS p.Q61K, c.181C>A",3.81,0.17,3.0,Present
CRC 504,CRC 504 PLS 1,Colorectum,III,7.5,14.14,"APC p.E1309fs, c.3927delAAAGA",17.68,1.67,72.6,Present
CRC 506,CRC 506 PLS 1,Colorectum,III,7.5,6.87,"APC p.I1311fs, c.3931insA",4.53,0.19,4.0,Present
CRC 516,CRC 516 PLS 1,Colorectum,II,7.5,13.15,"CTNNB1 p.T41A, c.121A>G",4.42,0.03,1.4,Present
CRC 518,CRC 518 PLS 1,Colorectum,III,7.5,10.91,"TP53 p.S215fs, c.644insGTG",86.03,8.48,284.9,Present
CRC 520,CRC 520 PLS 1,Colorectum,III,7.5,8.21,"KRAS p.G12V, c.35G>T",4.75,0.48,12.1,Present
CRC 521,CRC 521 PLS 1,Colorectum,III,7.5,5.23,"KRAS p.A146V, c.437C>T",3.80,0.45,7.3,Present
CRC 524,CRC 524 PLS 1,Colorectum,II,7.5,7.83,"KRAS p.G12V, c.35G>T",4.01,0.36,8.7,Present
CRC 527,CRC 527 PLS 1,Colorectum,III,7.5,4.72,"KRAS p.A146T, c.436G>A",3.12,2.30,33.4,Present
CRC 531,CRC 531 PLS 1,Colorectum,III,7.5,4.94,"KRAS p.G12V, c.35G>T",3.12,0.14,2.2,Present
INDI 009,INDI 009 PLS 1,Lung,II,7.5,2.59,"TP53 p.C176F, c.527G>T",5.60,1.06,8.5,Present
INDI 014,INDI 014 PLS 1,Lung,II,7.5,1.61,"TP53 p.E298*, c.892G>T",5.88,1.36,6.7,Present
INDI 023,INDI 023 PLS 1,Lung,II,7.5,7.78,"TP53 p.G266V, c.797G>T",7.31,0.90,21.7,Present
INDI 035,INDI 035 PLS 1,Colorectum,II,7.5,3.07,"KRAS p.G12D, c.35G>A",3.20,0.57,5.4,Present
INDI 070,INDI 070 PLS 1,Breast,III,7.5,16.58,"PTEN p.C136R, c.406T>C",21.39,0.75,38.2,Present
INDI 074,INDI 074 PLS 1,Pancreas,II,7.5,7.45,"KRAS p.G12V, c.35G>T",3.52,0.25,5.7,Present
INDI 075,INDI 075 PLS 1,Ovary,III,7.5,2.60,"TP53 p.Y220C, c.659A>G",6.50,8.47,67.8,Present
INDI 077,INDI 077 PLS 1,Liver,II,7.5,62.35,"TP53 p.K132R, c.395A>G",83.38,4.49,862.8,Present
INDI 081,INDI 081 PLS 1,Colorectum,II,7.5,25.31,"TP53 p.W53*, c.158G>A",29.63,0.23,18.1,Present
INDI 097,INDI 097 PLS 1,Colorectum,III,7.5,16.40,"BRAF p.V600E, c.1799T>A",4.86,0.28,14.2,Present
INDI 108,INDI 108 PLS 1,Colorectum,II,7.5,2.95,"TP53 p.R267W, c.799C>T",4.82,16.76,152.3,Present
INDI 109,INDI 109 PLS 1,Colorectum,III,7.5,21.96,"TP53 p.R248Q, c.743G>A",3.47,4.87,329.4,Present
INDI 116,INDI 116 PLS 1,Stomach,I,7.5,39.39,"TP53 p.S260Y, c.779C>A",131.64,40.92,"4,964.8",Present
INDI 119,INDI 119 PLS 1,Esophagus,I,7.5,53.59,"TP53 p.H179R, c.536A>G",39.01,2.17,359.0,Present
INDI 124,INDI 124 PLS 1,Colorectum,II,7.5,20.63,"KRAS p.G12D, c.35G>A",4.70,0.54,34.5,Present
INDI 125,INDI 125 PLS 1,Esophagus,II,7.5,23.56,"TP53 p.L194H, c.581T>A",5.21,0.72,52.6,Present
INDI 126,INDI 126 PLS 1,Stomach,III,7.5,25.59,"TP53 p.K132R, c.395A>G",7.75,0.63,49.9,Present
INDI 128,INDI 128 PLS 1,Colorectum,III,7.5,6.68,"CTNNB1 p.S45F, c.134C>T",4.54,0.43,8.9,Present
INDI 144,INDI 144 PLS 1,Colorectum,II,7.5,54.08,"KRAS p.G12D, c.35G>A",3.82,0.24,40.6,Present
INDI 150,INDI 150 PLS 1,Colorectum,II,7.5,78.23,TP53 g.7578176C>T (Splice Site),95.65,2.43,585.4,Present
INDI 151,INDI 151 PLS 1,Stomach,II,7.5,37.78,"TP53 p.Y220C, c.659A>G",3.58,0.46,53.6,Present
INDI 156,INDI 156 PLS 1,Colorectum,III,7.5,35.66,"TP53 p.P190fs, c.570delCCT",234.96,6.15,675.5,Present
INDI 171,INDI 171 PLS 1,Stomach,III,7.5,91.76,"TP53 p.G199fs, c.597insA",4.08,0.12,33.6,Present
INDI 172,INDI 172 PLS 1,Stomach,II,7.5,70.98,"TP53 p.R248Q, c.743G>A",3.97,3.23,706.9,Present
INDI 182,INDI 182 PLS 1,Liver,III,7.5,50.25,"TP53 p.A159P, c.475G>C",4.53,0.11,17.0,Present
INDI 184,INDI 184 PLS 1,Esophagus,II,7.5,110.40,"TP53 p.H193R, c.578A>G",3.11,0.04,14.7,Present
INDI 185,INDI 185 PLS 1,Stomach,II,7.5,44.97,"TP53 p.S183fs, c.549insA",40.41,1.40,194.4,Present
INDI 198,INDI 198 PLS 1,Stomach,III,7.5,10.36,"TP53 p.V274F, c.820G>T",10.31,1.67,53.3,Present
INDI 210,INDI 210 PLS 1,Stomach,III,7.5,6.85,"TP53 p.C135*, c.405C>A",5.15,1.05,22.2,Present
INDI 212,INDI 212 PLS 1,Colorectum,III,7.5,8.94,"BRAF p.V600E, c.1799T>A",34.31,2.63,72.4,Present
INDI 219,INDI 219 PLS 1,Liver,III,7.5,51.72,"KRAS p.G12C, c.34G>T",7.20,0.57,90.9,Present
INDI 221,INDI 221 PLS 1,Colorectum,III,7.5,4.60,"NRAS p.G12D, c.35G>A",23.63,5.19,73.6,Not detected
INDI 222,INDI 222 PLS 1,Colorectum,II,7.5,29.31,"TP53 p.G266E, c.797G>A",65.32,7.25,654.1,Present
INDI 224,INDI 224 PLS 1,Lung,III,7.5,48.72,"TP53 p.H179R, c.536A>G",4.33,0.20,30.3,Not detected
INDI 231,INDI 231 PLS 1,Lung,III,7.5,2.04,"KRAS p.G12D, c.35G>A",18.95,9.38,59.0,Present
INDI 233,INDI 233 PLS 1,Colorectum,I,7.5,6.54,"TP53 p.G154V, c.461G>T",44.65,7.70,155.0,Not detected
INDI 243,INDI 243 PLS 1,Colorectum,I,7.5,6.33,"APC p.E1309fs, c.3927delAAAGA",31.73,2.96,57.7,Present
INDI 244,INDI 244 PLS 1,Colorectum,III,7.5,4.06,"KRAS p.G12C, c.34G>T",5.65,0.65,8.2,Present
INDI 245,INDI 245 PLS 1,Colorectum,III,7.5,4.36,"KRAS p.Q61K, c.181C>A",7.36,1.19,16.0,Present
INDI 255,INDI 255 PLS 1,Colorectum,II,7.5,3.60,"KRAS p.G13V, c.38G>T",7.82,0.57,6.4,Present
INDI 256,INDI 256 PLS 1,Colorectum,III,7.5,5.06,"KRAS p.G12S, c.34G>A",10.60,3.97,61.8,Present
INDI 259,INDI 259 PLS 1,Colorectum,II,7.5,11.59,"TP53 p.P151H, c.452C>A",10.56,0.92,33.0,Not detected
INDI 268,INDI 268 PLS 1,Colorectum,III,7.5,6.66,"NRAS p.Q61R, c.182A>G",7.23,3.34,68.5,Present
INDI 284,INDI 284 PLS 1,Colorectum,II,7.5,17.11,"APC p.E1309fs, c.3927delAAAGA",4.62,0.12,6.4,Present
INDI 285,INDI 285 PLS 1,Lung,II,7.5,4.88,"TP53 p.E339*, c.1015G>T",6.00,1.29,19.4,Present
INDI 287,INDI 287 PLS 1,Breast,III,7.5,2.11,"TP53 p.S94*, c.281C>G",9.08,1.43,9.3,Present
INDI 288,INDI 288 PLS 1,Lung,III,7.5,5.12,"TP53 p.T125T, c.375G>T (Exon End)",16.33,8.37,132.1,Present
INDI 289,INDI 289 PLS 1,Breast,II,7.5,2.03,"PTEN p.A126S, c.376G>T",3.09,0.23,1.4,Present
INDI 301,INDI 301 PLS 1,Breast,II,7.5,9.18,"TP53 p.S241fs, c.723delTCC",3.41,0.06,1.8,Not detected
INDI 305,INDI 305 PLS 1,Colorectum,II,7.5,20.30,"TP53 p.S241fs, c.723delTCC",238.85,8.37,523.1,Not detected
INDI 306,INDI 306 PLS 1,Colorectum,III,7.5,3.55,"APC p.E1309fs, c.3927delAAAGA",157.04,36.29,396.8,Present
INDI 310,INDI 310 PLS 1,Colorectum,II,7.5,13.05,"PIK3CA p.E545A, c.1634A>C",4.70,0.70,28.2,Present
INDI 318,INDI 318 PLS 1,Stomach,III,7.5,5.16,"TP53 p.K305*, c.913A>T",30.00,1.21,19.3,Not detected
INDI 327,INDI 327 PLS 1,Colorectum,II,7.5,2.83,"TP53 p.I195N, c.584T>A",8.63,0.52,4.6,Present
INDI 329,INDI 329 PLS 1,Colorectum,III,7.5,14.29,"BRAF p.V600E, c.1799T>A",90.33,10.04,442.0,Present
INDI 331,INDI 331 PLS 1A,Lung,III,7.5,2.53,"KRAS p.G12C, c.34G>T",48.55,10.88,84.8,Present
INDI 340,INDI 340 PLS 1,Colorectum,III,7.5,3.43,"CTNNB1 p.S37F, c.110C>T",5.12,0.39,4.2,Present
INDI 343,INDI 343 PLS 1,Colorectum,III,7.5,0.91,"TP53 p.G244V, c.731G>T",4.75,0.34,1.0,Present
INDI 353,INDI 353 PLS 1A,Lung,II,7.5,2.27,"TP53 p.M133L, c.397A>T",10.57,0.24,1.6,Present
INDI 365,INDI 365 PLS 1,Colorectum,II,7.5,3.06,"APC p.E1309fs, c.3927delAAAGA",6.20,0.60,5.6,Present
INDI 367,INDI 367 PLS 1,Liver,I,7.5,13.22,"CTNNB1 p.I35S, c.104T>G",8.54,0.28,11.6,Present
INDI 368,INDI 368 PLS 1,Breast,II,7.5,3.09,"TP53 p.E224*, c.670G>T",8.53,1.42,13.5,Not detected
INDI 371,INDI 371 PLS 1A,Lung,III,7.5,1.47,"KRAS p.G12V, c.35G>T",20.50,7.71,34.8,Present
INDI 377,INDI 377 PLS 1,Colorectum,II,7.5,14.70,"BRAF p.V600E, c.1799T>A",3.56,0.05,2.2,Present
INDI 380,INDI 380 PLS 1,Colorectum,II,7.5,3.57,"TP53 p.N288fs, c.862delA",5.14,0.32,3.5,Present
INDI 397,INDI 397 PLS 1,Colorectum,III,7.5,7.43,"PIK3CA p.H1047Q, c.3141T>G",5.54,0.33,7.6,Present
INDI 439,INDI 439 PLS 1,Colorectum,III,7.5,12.99,"BRAF p.F595L, c.1785T>G",16.04,0.91,36.2,Present
INDI 445,INDI 445 PLS 1,Breast,II,7.5,5.43,"TP53 p.E171fs, c.513delGACGGAG",13.43,0.69,11.6,Present
INDI 447,INDI 447 PLS 1,Breast,III,7.5,26.17,"PIK3CA p.G1049R, c.3145G>C",211.89,21.72,"1,751.3",Present
INDI 457,INDI 457 PLS 1,Esophagus,II,7.5,35.05,"TP53 p.E221*, c.661G>T",60.57,1.39,150.0,Present
INDI 459,INDI 459 PLS 1,Breast,II,7.5,41.57,"PIK3CA p.H1047R, c.3140A>G",333.23,60.44,"7,738.7",Present
INDI 461,INDI 461 PLS 1,Colorectum,III,7.5,8.60,"TP53 p.V172F, c.514G>T",5.07,0.40,10.6,Present
INDI 462,INDI 462 PLS 1,Breast,III,7.5,82.66,TP53 g.7578176C>A (Splice Site),203.10,62.32,"15,866.1",Present
INDI 463,INDI 463 PLS 1,Colorectum,II,7.5,11.05,"TP53 p.R273C, c.817C>T",3.60,2.43,82.6,Present
INDI 464,INDI 464 PLS 1,Liver,III,7.5,57.74,"TP53 p.K132*, c.394A>T",11.26,0.32,56.3,Present
INDI 466,INDI 466 PLS 1,Colorectum,II,7.5,18.81,"TP53 p.T155fs, c.463insA",5.80,0.19,11.1,Present
INDI 470,INDI 470 PLS 1,Colorectum,III,7.5,8.40,"TP53 p.Q100*, c.298C>T",3.39,0.28,7.3,Present
INDI 494,INDI 494 PLS 1,Lung,III,7.5,4.62,"TP53 p.G244A, c.731G>C",7.98,0.14,2.0,Present
INDI 505,INDI 505 PLS 1,Lung,II,7.5,34.64,"TP53 p.R267P, c.800G>C",4.24,0.08,8.3,Present
INDI 511,INDI 511 PLS 1,Colorectum,III,7.5,4.19,"TP53 p.S183fs, c.549insA",4.14,0.18,2.3,Present
INDI 514,INDI 514 PLS 1,Stomach,I,7.5,6.42,"CTNNB1 p.T41A, c.121A>G",5.29,0.04,0.8,Not detected
INDI 515,INDI 515 PLS 1,Colorectum,III,7.5,15.27,"TP53 p.K132N, c.396G>T",3.01,0.04,2.0,Not detected
INDI 518,INDI 518 PLS 1,Colorectum,III,7.5,9.71,"TP53 p.N131fs, c.392delCAA",5.95,0.18,5.2,Present
INDI 539,INDI 539 PLS 1,Colorectum,II,7.5,8.83,"PTEN p.D92A, c.275A>C",9.44,0.49,13.4,Present
INDI 544,INDI 544 PLS 1,Colorectum,III,7.5,2.48,"TP53 p.G334R, c.1000G>C",189.30,52.81,403.4,Present
INDI 555,INDI 555 PLS 1,Colorectum,II,7.5,1.44,"APC p.E1309fs, c.3927delAAAGA",6.71,0.78,3.5,Present
INDI 558,INDI 558 PLS 1,Colorectum,I,7.5,8.45,"TP53 p.H368Y, c.1102C>T",3.72,0.11,2.8,Not detected
INDI 567,INDI 567 PLS 1,Colorectum,II,7.5,3.64,"PIK3CA p.E545K, c.1633G>A",5.43,0.89,10.0,Present
INDI 581,INDI 581 PLS 1,Colorectum,II,7.5,6.91,TP53 g.7579311C>A (Splice Site),4.38,1.40,29.8,Present
INDI 585,INDI 585 PLS 1,Esophagus,III,7.5,14.36,"TP53 p.E343*, c.1027G>T",5.16,0.53,23.4,Present
INDI 601,INDI 601 PLS 1,Breast,III,7.5,15.18,"TP53 p.R213*, c.637C>T",5.35,9.25,432.4,Present
INDI 614,INDI 614 PLS 1,Colorectum,II,7.5,21.63,"NRAS p.G12D, c.35G>A",3.52,0.12,7.8,Present
INDI 623,INDI 623 PLS 1,Breast,III,7.5,6.71,"TP53 p.R273P, c.818G>C",18.00,2.09,43.1,Present
INDI 625,INDI 625 PLS 1,Colorectum,II,7.5,2.73,"KRAS p.G12S, c.34G>A",3.02,0.38,3.2,Present
INDI 626,INDI 626 PLS 1,Colorectum,II,7.5,11.58,"KRAS p.G12D, c.35G>A",4.41,0.43,15.4,Present
INDI 636,INDI 636 PLS 1,Liver,III,7.5,27.51,"CTNNB1 p.T41A, c.121A>G",314.41,4.60,390.0,Present
INDI 639,INDI 639 PLS 1,Liver,II,7.5,18.63,"TP53 p.R158L, c.473G>T",4.14,0.18,10.2,Present
INDI 645,INDI 645 PLS 1,Liver,III,7.5,27.37,"TP53 p.R249S, c.747G>T",26.13,8.37,706.0,Present
INDI 648,INDI 648 PLS 1,Colorectum,III,7.5,1.21,"KRAS p.G12V, c.35G>T",29.67,24.26,90.6,Present
INDI 663,INDI 663 PLS 1,Esophagus,II,7.5,29.39,"TP53 p.Q331*, c.991C>T",98.24,1.39,125.9,Present
INDI 665,INDI 665 PLS 1,Esophagus,III,7.5,14.81,"FGFR2 p.P253R, c.758C>G",54.35,0.35,16.1,Present
INDI 670,INDI 670 PLS 1,Colorectum,III,7.5,2.88,"TP53 p.G117fs, c.350insGGAC",84.74,14.28,126.9,Present
INDI 678,INDI 678 PLS 1,Colorectum,III,7.5,2.03,"TP53 p.E224fs, c.670insG",13.45,1.10,6.9,Present
INDI 687,INDI 687 PLS 1,Lung,III,7.5,11.57,"KRAS p.G12V, c.35G>T",61.07,5.16,183.9,Present
INDI 693,INDI 693 PLS 1,Lung,III,7.5,8.08,"TP53 p.H193Y, c.577C>T",74.73,22.33,555.6,Present
INDI 696,INDI 696 PLS 1,Lung,II,7.5,1.71,"HRAS p.G13V, c.38G>T",3.28,0.33,1.7,Present
INDI 701,INDI 701 PLS 1,Colorectum,II,7.5,1.54,"BRAF p.V600E, c.1799T>A",3.63,0.17,0.8,Present
INDI 702,INDI 702 PLS 1,Lung,II,7.5,22.55,"TP53 p.E298*, c.892G>T",3.95,0.14,9.6,Present
INDI 708,INDI 708 PLS 1,Colorectum,III,7.5,7.20,"BRAF p.L597R, c.1790T>G",6.38,0.34,7.4,Not detected
INDI 710,INDI 710 PLS 1,Colorectum,III,7.5,4.72,"PIK3CA p.Q546R, c.1637A>G",3.27,0.16,2.4,Present
INDI 711,INDI 711 PLS 1,Breast,III,7.5,2.28,"PIK3CA p.E545K, c.1633G>A",4.50,0.42,2.9,Present
INDI 723,INDI 723 PLS 1,Ovary,III,7.5,2.80,"TP53 p.S215I, c.644G>T",3.19,0.69,6.0,Present
INDI 753,INDI 753 PLS 1,Esophagus,III,7.5,8.37,"TP53 p.Y220C, c.659A>G",4.91,3.46,89.1,Present
INDI 764,INDI 764 PLS 1,Colorectum,II,7.5,1.44,"TP53 p.E51fs, c.151delG",8.69,1.78,7.9,Present
INDI 769,INDI 769 PLS 1,Colorectum,II,7.5,1.51,"TP53 p.I251V, c.751A>G",42.83,50.29,234.0,Present
INDI 770,INDI 770 PLS 1,Colorectum,II,7.5,5.95,"APC p.E1306*, c.3916G>T",4.91,0.16,3.0,Present
INDI 771,INDI 771 PLS 1,Liver,II,7.5,23.39,"CTNNB1 p.S45A, c.133T>G",3.27,0.02,1.7,Present
INDI 777,INDI 777 PLS 1,Colorectum,II,7.5,23.48,"TP53 p.D42fs, c.124insGA",3.17,0.02,1.3,Not detected
INDI 778,INDI 778 PLS 1,Liver,II,7.5,16.38,"CTNNB1 p.I35S, c.104T>G",4.34,0.08,4.2,Present
INDI 779,INDI 779 PLS 1,Colorectum,II,7.5,1.88,"TP53 p.E11Q, c.31G>C",99.70,50.22,291.5,Present
INDI 782,INDI 782 PLS 1,Colorectum,III,7.5,15.27,"BRAF p.V600E, c.1799T>A",33.90,2.88,135.7,Present
INDI 786,INDI 786 PLS 1,Liver,I,7.5,3.23,"TP53 p.C135F, c.404G>T",8.18,1.16,11.6,Present
INDI 798,INDI 798 PLS 1,Ovary,II,7.5,22.29,"TP53 p.Y163C, c.488A>G",52.88,7.31,502.2,Present
INDI 800,INDI 800 PLS 1,Liver,II,7.5,3.60,"CTNNB1 p.T41A, c.121A>G",7.85,0.13,1.4,Present
INDI 802,INDI 802 PLS 1,Pancreas,II,7.5,15.09,"CDKN2A p.E88*, c.262G>T",3.83,0.09,4.0,Present
INDI 812,INDI 812 PLS 1,Ovary,II,7.5,3.11,"CTNNB1 p.T41A, c.121A>G",82.52,3.18,30.5,Present
INDI 818,INDI 818 PLS 1,Ovary,III,7.5,6.53,"TP53 p.G154fs, c.460delG",41.42,2.83,56.9,Present
INDI 819,INDI 819 PLS 1,Breast,III,7.5,1.52,"AKT1 p.E17K, c.49G>A",8.51,6.06,28.4,Present
INDI 838,INDI 838 PLS 1,Colorectum,III,7.5,4.20,"APC p.E1306*, c.3916G>T",3.57,0.11,1.5,Present
INDI 850,INDI 850 PLS 1,Esophagus,II,7.5,8.01,"TP53 p.H193P, c.578A>C",130.07,21.37,527.0,Present
INDI 859,INDI 859 PLS 1,Esophagus,II,7.5,15.56,"TP53 p.Y234N, c.700T>A",5.99,0.59,28.3,Present
INDI 868,INDI 868 PLS 1,Liver,III,7.5,79.15,"KRAS p.A146V, c.437C>T",3.08,0.05,11.8,Not detected
INDI 872,INDI 872 PLS 1,Breast,III,7.5,5.17,"PIK3CA p.H1047L, c.3140A>T",14.06,0.89,14.2,Present
INDI 884,INDI 884 PLS 1,Breast,II,7.5,17.62,"TP53 p.Y220C, c.659A>G",14.02,11.77,638.8,Present
INDI 905,INDI 905 PLS 1,Esophagus,II,7.5,19.99,"TP53 p.K132R, c.395A>G",8.25,0.61,37.4,Not detected
INDI 928,INDI 928 PLS 1,Stomach,II,7.5,6.23,"TP53 p.F338fs, c.1014delC",4.18,0.16,3.0,Present
INDI 932,INDI 932 PLS 1,Ovary,III,7.5,5.40,"TP53 p.L252fs, c.754delTCC",67.78,10.81,179.8,Present